{"bundleVersion":1,"adventureData":{"name":"Inside the Keep","img":"modules/the-island/packs/the-island/inside-the-keep/TheKeepOnTheIsland.png","caption":"","description":"","actors":[],"combats":[],"items":[],"journal":[{"name":"Inside the keep","_id":"m5zo43XFtE2U7rlH","pages":[{"sort":100000,"name":"The Keep","type":"text","_id":"IdIHAQWGokM0skfo","title":{"show":true,"level":1},"image":{},"text":{"format":1,"content":"<p>The Keep is based in the center of the island between the Northern Forest and the Southern Forest.</p><p></p><p>The keep is the base of many adventuring companies who explore the center of the island.</p><p></p><p>The keep is ruled by the Baron who utilises the adventurers to pacify the area making the area safe for farmers and townsfolk.</p>"},"video":{"controls":true,"volume":0.5},"src":null,"system":{},"ownership":{"default":-1,"QWwwQX6g0KzEfsj5":3},"flags":{},"_stats":{"systemId":"dnd5e","systemVersion":"3.2.0","coreVersion":"11.315","createdTime":1717945054044,"modifiedTime":1717945717521,"lastModifiedBy":"QWwwQX6g0KzEfsj5"}}],"folder":null,"sort":0,"ownership":{"default":0,"QWwwQX6g0KzEfsj5":3},"flags":{"core":{"sourceId":"JournalEntry.m5zo43XFtE2U7rlH"}},"_stats":{"systemId":"dnd5e","systemVersion":"3.2.0","coreVersion":"11.315","createdTime":1717945000465,"modifiedTime":1717945717521,"lastModifiedBy":"QWwwQX6g0KzEfsj5"}}],"scenes":[],"tables":[],"macros":[],"cards":[],"playlists":[],"folders":[],"folder":null,"flags":{"core":{}},"_stats":{"systemId":"dnd5e","systemVersion":"3.2.0","coreVersion":"11.315","createdTime":1717944941579,"modifiedTime":1718369934289,"lastModifiedBy":"QWwwQX6g0KzEfsj5"},"_id":"TWYAgbPCBJGQtg8H","sort":300000},"bundledAssets":{}}